[
{
  "model": "houses.livehousewebsite",
  "pk": 1,
  "fields": {
    "created_datetime": "2025-07-05T07:08:44.103Z",
    "updated_datetime": "2025-07-05T13:25:53.798Z",
    "url": "https://www.loft-prj.co.jp/schedule/shelter",
    "state": "completed",
    "crawler_class": "LoftProjectShelterCrawler"
  }
},
{
  "model": "houses.livehousewebsite",
  "pk": 2,
  "fields": {
    "created_datetime": "2025-07-05T07:08:44.105Z",
    "updated_datetime": "2025-07-05T08:53:06.633Z",
    "url": "https://www.lamama.net/",
    "state": "completed",
    "crawler_class": "LaMamaCrawler"
  }
},
{
  "model": "houses.livehousewebsite",
  "pk": 3,
  "fields": {
    "created_datetime": "2025-07-05T08:03:56.895Z",
    "updated_datetime": "2025-07-05T08:53:09.368Z",
    "url": "https://clubque.net/",
    "state": "completed",
    "crawler_class": "LiveHouseWebsiteCrawler"
  }
},
{
  "model": "houses.livehousewebsite",
  "pk": 4,
  "fields": {
    "created_datetime": "2025-07-05T08:04:00.831Z",
    "updated_datetime": "2025-07-05T08:53:09.647Z",
    "url": "http://www.cyclone1997.com/home.html",
    "state": "completed",
    "crawler_class": "LiveHouseWebsiteCrawler"
  }
},
{
  "model": "houses.livehousewebsite",
  "pk": 5,
  "fields": {
    "created_datetime": "2025-07-05T08:04:06.006Z",
    "updated_datetime": "2025-07-05T08:53:15.338Z",
    "url": "https://en.club-quattro.com/shibuya/",
    "state": "completed",
    "crawler_class": "LiveHouseWebsiteCrawler"
  }
},
{
  "model": "houses.livehousewebsite",
  "pk": 6,
  "fields": {
    "created_datetime": "2025-07-05T08:04:10.751Z",
    "updated_datetime": "2025-07-05T08:53:33.505Z",
    "url": "http://7th-floor.net/",
    "state": "completed",
    "crawler_class": "LiveHouseWebsiteCrawler"
  }
},
{
  "model": "houses.livehousewebsite",
  "pk": 7,
  "fields": {
    "created_datetime": "2025-07-05T08:04:14.827Z",
    "updated_datetime": "2025-07-05T08:54:05.710Z",
    "url": "https://club-malcolm.com/",
    "state": "completed",
    "crawler_class": "LiveHouseWebsiteCrawler"
  }
},
{
  "model": "houses.livehousewebsite",
  "pk": 8,
  "fields": {
    "created_datetime": "2025-07-05T08:04:19.840Z",
    "updated_datetime": "2025-07-05T13:25:58.158Z",
    "url": "https://www.unit-tokyo.com/",
    "state": "failed",
    "crawler_class": "LiveHouseWebsiteCrawler"
  }
},
{
  "model": "houses.livehousewebsite",
  "pk": 9,
  "fields": {
    "created_datetime": "2025-07-05T08:04:23.637Z",
    "updated_datetime": "2025-07-05T09:48:07.733Z",
    "url": "https://heavens-door-music.com/",
    "state": "completed",
    "crawler_class": "LiveHouseWebsiteCrawler"
  }
},
{
  "model": "houses.livehousewebsite",
  "pk": 10,
  "fields": {
    "created_datetime": "2025-07-05T08:04:28.684Z",
    "updated_datetime": "2025-07-05T09:48:11.899Z",
    "url": "http://warp.rinky.info/",
    "state": "completed",
    "crawler_class": "LiveHouseWebsiteCrawler"
  }
},
{
  "model": "houses.livehousewebsite",
  "pk": 11,
  "fields": {
    "created_datetime": "2025-07-05T08:04:32.999Z",
    "updated_datetime": "2025-07-05T09:48:13.466Z",
    "url": "https://shinjuku-face.com/",
    "state": "completed",
    "crawler_class": "LiveHouseWebsiteCrawler"
  }
},
{
  "model": "houses.livehousewebsite",
  "pk": 12,
  "fields": {
    "created_datetime": "2025-07-05T08:04:38.686Z",
    "updated_datetime": "2025-07-05T09:48:17.562Z",
    "url": "https://www.loft-prj.co.jp/schedule/loft",
    "state": "completed",
    "crawler_class": "LiveHouseWebsiteCrawler"
  }
},
{
  "model": "houses.livehousewebsite",
  "pk": 13,
  "fields": {
    "created_datetime": "2025-07-05T08:04:43.882Z",
    "updated_datetime": "2025-07-05T09:48:21.982Z",
    "url": "https://www.fever-popo.com/",
    "state": "completed",
    "crawler_class": "LiveHouseWebsiteCrawler"
  }
},
{
  "model": "houses.livehousewebsite",
  "pk": 14,
  "fields": {
    "created_datetime": "2025-07-05T08:04:49.201Z",
    "updated_datetime": "2025-07-05T09:48:22.699Z",
    "url": "https://www.loft-prj.co.jp/",
    "state": "completed",
    "crawler_class": "LiveHouseWebsiteCrawler"
  }
},
{
  "model": "houses.livehousewebsite",
  "pk": 15,
  "fields": {
    "created_datetime": "2025-07-05T08:04:52.913Z",
    "updated_datetime": "2025-07-05T09:48:25.919Z",
    "url": "https://en.club-quattro.com/",
    "state": "completed",
    "crawler_class": "LiveHouseWebsiteCrawler"
  }
},
{
  "model": "houses.livehousewebsite",
  "pk": 16,
  "fields": {
    "created_datetime": "2025-07-05T12:12:27.730Z",
    "updated_datetime": "2025-07-05T12:46:05.972Z",
    "url": "https://www.antiknock.net/",
    "state": "completed",
    "crawler_class": "AntiknockCrawler"
  }
},
{
  "model": "houses.livehouse",
  "pk": 3,
  "fields": {
    "created_datetime": "2025-07-05T07:10:27.611Z",
    "updated_datetime": "2025-07-05T13:25:53.798Z",
    "website": 1,
    "name": "Shimokitazawa SHELTER",
    "name_kana": "シモキタザワ シェルター",
    "name_romaji": "Shimokitazawa SHELTER",
    "phone_number": "03-3466-7430",
    "address": "",
    "capacity": 0,
    "opened_date": "2000-01-01",
    "closed_date": null,
    "last_collected_datetime": "2025-07-05T13:25:53.798Z",
    "last_collection_state": "success"
  }
},
{
  "model": "houses.livehouse",
  "pk": 4,
  "fields": {
    "created_datetime": "2025-07-05T07:10:31.437Z",
    "updated_datetime": "2025-07-05T08:53:06.633Z",
    "website": 2,
    "name": "Shibuya La.mama",
    "name_kana": "シブヤ ラママ",
    "name_romaji": "Shibuya La.mama",
    "phone_number": "",
    "address": "",
    "capacity": 0,
    "opened_date": "2000-01-01",
    "closed_date": null,
    "last_collected_datetime": "2025-07-05T08:53:06.633Z",
    "last_collection_state": "success"
  }
},
{
  "model": "houses.livehouse",
  "pk": 5,
  "fields": {
    "created_datetime": "2025-07-05T08:13:28.507Z",
    "updated_datetime": "2025-07-05T08:53:09.368Z",
    "website": 3,
    "name": "Club Que",
    "name_kana": "クラブ キュー",
    "name_romaji": "Club Que",
    "phone_number": "",
    "address": "",
    "capacity": 0,
    "opened_date": "2000-01-01",
    "closed_date": null,
    "last_collected_datetime": "2025-07-05T08:53:09.368Z",
    "last_collection_state": "success"
  }
},
{
  "model": "houses.livehouse",
  "pk": 6,
  "fields": {
    "created_datetime": "2025-07-05T08:13:28.515Z",
    "updated_datetime": "2025-07-05T08:53:09.646Z",
    "website": 4,
    "name": "Shibuya CYCLONE",
    "name_kana": "シブヤ サイクロン",
    "name_romaji": "Shibuya CYCLONE",
    "phone_number": "",
    "address": "",
    "capacity": 0,
    "opened_date": "2000-01-01",
    "closed_date": null,
    "last_collected_datetime": "2025-07-05T08:53:09.646Z",
    "last_collection_state": "success"
  }
},
{
  "model": "houses.livehouse",
  "pk": 7,
  "fields": {
    "created_datetime": "2025-07-05T08:13:28.517Z",
    "updated_datetime": "2025-07-05T08:53:15.337Z",
    "website": 5,
    "name": "Shibuya CLUB QUATTRO",
    "name_kana": "シブヤ クラブクアトロ",
    "name_romaji": "Shibuya CLUB QUATTRO",
    "phone_number": "03-3477-8750",
    "address": "",
    "capacity": 0,
    "opened_date": "2000-01-01",
    "closed_date": null,
    "last_collected_datetime": "2025-07-05T08:53:15.337Z",
    "last_collection_state": "success"
  }
},
{
  "model": "houses.livehouse",
  "pk": 8,
  "fields": {
    "created_datetime": "2025-07-05T08:13:28.519Z",
    "updated_datetime": "2025-07-05T08:53:33.504Z",
    "website": 6,
    "name": "Shibuya 7th Floor",
    "name_kana": "シブヤ セブンスフロア",
    "name_romaji": "Shibuya 7th Floor",
    "phone_number": "03-3462-4466",
    "address": "",
    "capacity": 0,
    "opened_date": "2000-01-01",
    "closed_date": null,
    "last_collected_datetime": "2025-07-05T08:53:33.504Z",
    "last_collection_state": "success"
  }
},
{
  "model": "houses.livehouse",
  "pk": 9,
  "fields": {
    "created_datetime": "2025-07-05T08:13:28.521Z",
    "updated_datetime": "2025-07-05T08:54:05.710Z",
    "website": 7,
    "name": "Club Malcolm",
    "name_kana": "クラブ マルコム",
    "name_romaji": "Club Malcolm",
    "phone_number": "03-6455-0225",
    "address": "",
    "capacity": 130,
    "opened_date": "2000-01-01",
    "closed_date": null,
    "last_collected_datetime": "2025-07-05T08:54:05.710Z",
    "last_collection_state": "success"
  }
},
{
  "model": "houses.livehouse",
  "pk": 10,
  "fields": {
    "created_datetime": "2025-07-05T08:13:28.523Z",
    "updated_datetime": "2025-07-05T08:51:32.210Z",
    "website": 8,
    "name": "UNIT",
    "name_kana": "ユニット",
    "name_romaji": "UNIT",
    "phone_number": "",
    "address": "",
    "capacity": 0,
    "opened_date": "2000-01-01",
    "closed_date": null,
    "last_collected_datetime": null,
    "last_collection_state": "pending"
  }
},
{
  "model": "houses.livehouse",
  "pk": 11,
  "fields": {
    "created_datetime": "2025-07-05T08:13:28.525Z",
    "updated_datetime": "2025-07-05T09:48:07.732Z",
    "website": 9,
    "name": "Sangenjaya HEAVENS DOOR",
    "name_kana": "サンゲンヂャヤ ヘブンズドア",
    "name_romaji": "Sangenjaya HEAVENS DOOR",
    "phone_number": "",
    "address": "",
    "capacity": 0,
    "opened_date": "2000-01-01",
    "closed_date": null,
    "last_collected_datetime": "2025-07-05T09:48:07.732Z",
    "last_collection_state": "success"
  }
},
{
  "model": "houses.livehouse",
  "pk": 12,
  "fields": {
    "created_datetime": "2025-07-05T08:13:28.527Z",
    "updated_datetime": "2025-07-05T09:48:11.898Z",
    "website": 10,
    "name": "Kichijoji WARP",
    "name_kana": "キチジョウジ ワープ",
    "name_romaji": "Kichijoji WARP",
    "phone_number": "",
    "address": "",
    "capacity": 0,
    "opened_date": "2000-01-01",
    "closed_date": null,
    "last_collected_datetime": "2025-07-05T09:48:11.898Z",
    "last_collection_state": "success"
  }
},
{
  "model": "houses.livehouse",
  "pk": 13,
  "fields": {
    "created_datetime": "2025-07-05T08:13:28.529Z",
    "updated_datetime": "2025-07-05T09:48:13.465Z",
    "website": 11,
    "name": "Shinjuku FACE",
    "name_kana": "シンジュク フェイス",
    "name_romaji": "Shinjuku FACE",
    "phone_number": "03-3200-1300",
    "address": "東京都新宿区歌舞伎町",
    "capacity": 0,
    "opened_date": "2000-01-01",
    "closed_date": null,
    "last_collected_datetime": "2025-07-05T09:48:13.465Z",
    "last_collection_state": "success"
  }
},
{
  "model": "houses.livehouse",
  "pk": 14,
  "fields": {
    "created_datetime": "2025-07-05T08:13:28.530Z",
    "updated_datetime": "2025-07-05T09:48:17.561Z",
    "website": 12,
    "name": "Shinjuku LOFT",
    "name_kana": "シンジュク ロフト",
    "name_romaji": "Shinjuku LOFT",
    "phone_number": "03-5272-0382",
    "address": "東京都新宿区歌舞伎町",
    "capacity": 0,
    "opened_date": "2000-01-01",
    "closed_date": null,
    "last_collected_datetime": "2025-07-05T09:48:17.561Z",
    "last_collection_state": "success"
  }
},
{
  "model": "houses.livehouse",
  "pk": 15,
  "fields": {
    "created_datetime": "2025-07-05T08:13:28.532Z",
    "updated_datetime": "2025-07-05T09:48:21.981Z",
    "website": 13,
    "name": "FEVER",
    "name_kana": "フィーバー",
    "name_romaji": "FEVER",
    "phone_number": "",
    "address": "",
    "capacity": 0,
    "opened_date": "2000-01-01",
    "closed_date": null,
    "last_collected_datetime": "2025-07-05T09:48:21.980Z",
    "last_collection_state": "success"
  }
},
{
  "model": "houses.livehouse",
  "pk": 16,
  "fields": {
    "created_datetime": "2025-07-05T08:13:28.534Z",
    "updated_datetime": "2025-07-05T09:48:22.699Z",
    "website": 14,
    "name": "LOFT PROJECT",
    "name_kana": "ロフト プロジェクト",
    "name_romaji": "LOFT PROJECT",
    "phone_number": "",
    "address": "",
    "capacity": 0,
    "opened_date": "2000-01-01",
    "closed_date": null,
    "last_collected_datetime": "2025-07-05T09:48:22.699Z",
    "last_collection_state": "success"
  }
},
{
  "model": "houses.livehouse",
  "pk": 17,
  "fields": {
    "created_datetime": "2025-07-05T08:13:28.535Z",
    "updated_datetime": "2025-07-05T09:48:25.918Z",
    "website": 15,
    "name": "CLUB QUATTRO",
    "name_kana": "クラブクアトロ",
    "name_romaji": "CLUB QUATTRO",
    "phone_number": "",
    "address": "",
    "capacity": 0,
    "opened_date": "2000-01-01",
    "closed_date": null,
    "last_collected_datetime": "2025-07-05T09:48:25.918Z",
    "last_collection_state": "success"
  }
},
{
  "model": "houses.livehouse",
  "pk": 18,
  "fields": {
    "created_datetime": "2025-07-05T12:38:09.300Z",
    "updated_datetime": "2025-07-05T12:46:05.971Z",
    "website": 16,
    "name": "Shinjuku ANTIKNOCK",
    "name_kana": "シンジュク アンチノック",
    "name_romaji": "Shinjuku ANTIKNOCK",
    "phone_number": "03-3207-0100",
    "address": "東京都新宿区歌舞伎町1-3-15",
    "capacity": 666,
    "opened_date": "2000-01-01",
    "closed_date": null,
    "last_collected_datetime": "2025-07-05T12:46:05.971Z",
    "last_collection_state": "success"
  }
},
{
  "model": "houses.performanceschedule",
  "pk": 106,
  "fields": {
    "live_house": 8,
    "performance_name": "",
    "performance_date": "2025-02-03",
    "open_time": "18:30:00",
    "start_time": "19:00:00",
    "presale_price": null,
    "door_price": null,
    "performers": []
  }
},
{
  "model": "houses.performanceschedule",
  "pk": 107,
  "fields": {
    "live_house": 8,
    "performance_name": "",
    "performance_date": "2025-03-11",
    "open_time": "18:30:00",
    "start_time": "19:00:00",
    "presale_price": null,
    "door_price": null,
    "performers": []
  }
},
{
  "model": "houses.performanceschedule",
  "pk": 108,
  "fields": {
    "live_house": 8,
    "performance_name": "",
    "performance_date": "2025-05-30",
    "open_time": "18:30:00",
    "start_time": "19:00:00",
    "presale_price": null,
    "door_price": null,
    "performers": []
  }
},
{
  "model": "houses.performanceschedule",
  "pk": 109,
  "fields": {
    "live_house": 9,
    "performance_name": "",
    "performance_date": "2025-06-15",
    "open_time": "18:30:00",
    "start_time": "18:30:00",
    "presale_price": null,
    "door_price": null,
    "performers": []
  }
},
{
  "model": "houses.performanceschedule",
  "pk": 110,
  "fields": {
    "live_house": 9,
    "performance_name": "",
    "performance_date": "2025-06-27",
    "open_time": "18:30:00",
    "start_time": "18:30:00",
    "presale_price": null,
    "door_price": null,
    "performers": []
  }
},
{
  "model": "houses.performanceschedule",
  "pk": 111,
  "fields": {
    "live_house": 9,
    "performance_name": "",
    "performance_date": "2025-06-30",
    "open_time": "18:30:00",
    "start_time": "18:30:00",
    "presale_price": null,
    "door_price": null,
    "performers": []
  }
},
{
  "model": "houses.performanceschedule",
  "pk": 112,
  "fields": {
    "live_house": 9,
    "performance_name": "",
    "performance_date": "2025-07-07",
    "open_time": "18:30:00",
    "start_time": "18:30:00",
    "presale_price": null,
    "door_price": null,
    "performers": []
  }
},
{
  "model": "houses.performanceschedule",
  "pk": 113,
  "fields": {
    "live_house": 9,
    "performance_name": "",
    "performance_date": "2025-07-12",
    "open_time": "18:30:00",
    "start_time": "18:30:00",
    "presale_price": null,
    "door_price": null,
    "performers": []
  }
},
{
  "model": "houses.performanceschedule",
  "pk": 114,
  "fields": {
    "live_house": 9,
    "performance_name": "",
    "performance_date": "2025-07-05",
    "open_time": "18:30:00",
    "start_time": "10:00:00",
    "presale_price": null,
    "door_price": null,
    "performers": []
  }
},
{
  "model": "houses.performanceschedule",
  "pk": 115,
  "fields": {
    "live_house": 9,
    "performance_name": "",
    "performance_date": "2025-07-19",
    "open_time": "18:30:00",
    "start_time": "10:00:00",
    "presale_price": null,
    "door_price": null,
    "performers": []
  }
},
{
  "model": "houses.performanceschedule",
  "pk": 116,
  "fields": {
    "live_house": 9,
    "performance_name": "",
    "performance_date": "2025-07-06",
    "open_time": "18:30:00",
    "start_time": "16:00:00",
    "presale_price": null,
    "door_price": null,
    "performers": []
  }
},
{
  "model": "houses.performanceschedule",
  "pk": 117,
  "fields": {
    "live_house": 9,
    "performance_name": "",
    "performance_date": "2025-07-08",
    "open_time": "18:30:00",
    "start_time": "18:00:00",
    "presale_price": null,
    "door_price": null,
    "performers": []
  }
},
{
  "model": "houses.performanceschedule",
  "pk": 118,
  "fields": {
    "live_house": 9,
    "performance_name": "",
    "performance_date": "2025-07-09",
    "open_time": "18:30:00",
    "start_time": "18:00:00",
    "presale_price": null,
    "door_price": null,
    "performers": []
  }
},
{
  "model": "houses.performanceschedule",
  "pk": 119,
  "fields": {
    "live_house": 9,
    "performance_name": "",
    "performance_date": "2025-07-10",
    "open_time": "18:30:00",
    "start_time": "18:30:00",
    "presale_price": null,
    "door_price": null,
    "performers": []
  }
},
{
  "model": "houses.performanceschedule",
  "pk": 120,
  "fields": {
    "live_house": 9,
    "performance_name": "",
    "performance_date": "2025-07-11",
    "open_time": "18:30:00",
    "start_time": "18:30:00",
    "presale_price": null,
    "door_price": null,
    "performers": []
  }
},
{
  "model": "houses.performanceschedule",
  "pk": 121,
  "fields": {
    "live_house": 9,
    "performance_name": "",
    "performance_date": "2025-07-26",
    "open_time": "18:30:00",
    "start_time": "18:30:00",
    "presale_price": null,
    "door_price": null,
    "performers": []
  }
},
{
  "model": "houses.performanceschedule",
  "pk": 122,
  "fields": {
    "live_house": 9,
    "performance_name": "",
    "performance_date": "2025-07-13",
    "open_time": "18:30:00",
    "start_time": "17:15:00",
    "presale_price": null,
    "door_price": null,
    "performers": []
  }
},
{
  "model": "houses.performanceschedule",
  "pk": 123,
  "fields": {
    "live_house": 9,
    "performance_name": "",
    "performance_date": "2025-06-22",
    "open_time": "18:30:00",
    "start_time": "16:40:00",
    "presale_price": null,
    "door_price": null,
    "performers": []
  }
},
{
  "model": "houses.performanceschedule",
  "pk": 124,
  "fields": {
    "live_house": 9,
    "performance_name": "",
    "performance_date": "2025-07-14",
    "open_time": "18:30:00",
    "start_time": "16:40:00",
    "presale_price": null,
    "door_price": null,
    "performers": []
  }
},
{
  "model": "houses.performanceschedule",
  "pk": 125,
  "fields": {
    "live_house": 9,
    "performance_name": "",
    "performance_date": "2025-07-15",
    "open_time": "18:30:00",
    "start_time": "18:20:00",
    "presale_price": null,
    "door_price": null,
    "performers": []
  }
},
{
  "model": "houses.performanceschedule",
  "pk": 126,
  "fields": {
    "live_house": 9,
    "performance_name": "",
    "performance_date": "2025-07-16",
    "open_time": "18:30:00",
    "start_time": "18:30:00",
    "presale_price": null,
    "door_price": null,
    "performers": []
  }
},
{
  "model": "houses.performanceschedule",
  "pk": 127,
  "fields": {
    "live_house": 9,
    "performance_name": "",
    "performance_date": "2025-07-18",
    "open_time": "18:30:00",
    "start_time": "18:45:00",
    "presale_price": null,
    "door_price": null,
    "performers": []
  }
},
{
  "model": "houses.performanceschedule",
  "pk": 128,
  "fields": {
    "live_house": 9,
    "performance_name": "",
    "performance_date": "2025-07-20",
    "open_time": "18:30:00",
    "start_time": "17:30:00",
    "presale_price": null,
    "door_price": null,
    "performers": []
  }
},
{
  "model": "houses.performanceschedule",
  "pk": 129,
  "fields": {
    "live_house": 11,
    "performance_name": "",
    "performance_date": "2025-07-05",
    "open_time": "18:30:00",
    "start_time": "18:30:00",
    "presale_price": null,
    "door_price": null,
    "performers": []
  }
},
{
  "model": "houses.performanceschedule",
  "pk": 130,
  "fields": {
    "live_house": 11,
    "performance_name": "",
    "performance_date": "2025-07-06",
    "open_time": "18:30:00",
    "start_time": "18:30:00",
    "presale_price": null,
    "door_price": null,
    "performers": []
  }
},
{
  "model": "houses.performanceschedule",
  "pk": 131,
  "fields": {
    "live_house": 11,
    "performance_name": "",
    "performance_date": "2025-07-07",
    "open_time": "18:30:00",
    "start_time": "18:30:00",
    "presale_price": null,
    "door_price": null,
    "performers": []
  }
},
{
  "model": "houses.performanceschedule",
  "pk": 132,
  "fields": {
    "live_house": 11,
    "performance_name": "",
    "performance_date": "2025-07-08",
    "open_time": "18:30:00",
    "start_time": "18:30:00",
    "presale_price": null,
    "door_price": null,
    "performers": []
  }
},
{
  "model": "houses.performanceschedule",
  "pk": 133,
  "fields": {
    "live_house": 11,
    "performance_name": "",
    "performance_date": "2025-07-09",
    "open_time": "18:30:00",
    "start_time": "18:30:00",
    "presale_price": null,
    "door_price": null,
    "performers": []
  }
},
{
  "model": "houses.performanceschedule",
  "pk": 134,
  "fields": {
    "live_house": 11,
    "performance_name": "",
    "performance_date": "2025-07-10",
    "open_time": "18:30:00",
    "start_time": "18:30:00",
    "presale_price": null,
    "door_price": null,
    "performers": []
  }
},
{
  "model": "houses.performanceschedule",
  "pk": 135,
  "fields": {
    "live_house": 11,
    "performance_name": "",
    "performance_date": "2025-07-11",
    "open_time": "18:30:00",
    "start_time": "18:30:00",
    "presale_price": null,
    "door_price": null,
    "performers": []
  }
},
{
  "model": "houses.performanceschedule",
  "pk": 136,
  "fields": {
    "live_house": 11,
    "performance_name": "",
    "performance_date": "2025-07-12",
    "open_time": "18:30:00",
    "start_time": "18:30:00",
    "presale_price": null,
    "door_price": null,
    "performers": []
  }
},
{
  "model": "houses.performanceschedule",
  "pk": 137,
  "fields": {
    "live_house": 11,
    "performance_name": "",
    "performance_date": "2025-07-13",
    "open_time": "18:30:00",
    "start_time": "18:30:00",
    "presale_price": null,
    "door_price": null,
    "performers": []
  }
},
{
  "model": "houses.performanceschedule",
  "pk": 138,
  "fields": {
    "live_house": 11,
    "performance_name": "",
    "performance_date": "2025-07-14",
    "open_time": "18:30:00",
    "start_time": "18:30:00",
    "presale_price": null,
    "door_price": null,
    "performers": []
  }
},
{
  "model": "houses.performanceschedule",
  "pk": 139,
  "fields": {
    "live_house": 11,
    "performance_name": "",
    "performance_date": "2025-07-15",
    "open_time": "18:30:00",
    "start_time": "09:00:00",
    "presale_price": null,
    "door_price": null,
    "performers": []
  }
},
{
  "model": "houses.performanceschedule",
  "pk": 140,
  "fields": {
    "live_house": 11,
    "performance_name": "",
    "performance_date": "2025-07-16",
    "open_time": "18:30:00",
    "start_time": "18:30:00",
    "presale_price": null,
    "door_price": null,
    "performers": []
  }
},
{
  "model": "houses.performanceschedule",
  "pk": 141,
  "fields": {
    "live_house": 11,
    "performance_name": "",
    "performance_date": "2025-07-17",
    "open_time": "18:30:00",
    "start_time": "18:30:00",
    "presale_price": null,
    "door_price": null,
    "performers": []
  }
},
{
  "model": "houses.performanceschedule",
  "pk": 142,
  "fields": {
    "live_house": 11,
    "performance_name": "",
    "performance_date": "2025-07-18",
    "open_time": "18:30:00",
    "start_time": "18:30:00",
    "presale_price": null,
    "door_price": null,
    "performers": []
  }
},
{
  "model": "houses.performanceschedule",
  "pk": 143,
  "fields": {
    "live_house": 11,
    "performance_name": "",
    "performance_date": "2025-07-19",
    "open_time": "18:30:00",
    "start_time": "18:30:00",
    "presale_price": null,
    "door_price": null,
    "performers": []
  }
},
{
  "model": "houses.performanceschedule",
  "pk": 144,
  "fields": {
    "live_house": 11,
    "performance_name": "",
    "performance_date": "2025-07-20",
    "open_time": "18:30:00",
    "start_time": "19:00:00",
    "presale_price": null,
    "door_price": null,
    "performers": []
  }
},
{
  "model": "houses.performanceschedule",
  "pk": 145,
  "fields": {
    "live_house": 11,
    "performance_name": "",
    "performance_date": "2025-07-21",
    "open_time": "18:30:00",
    "start_time": "18:30:00",
    "presale_price": null,
    "door_price": null,
    "performers": []
  }
},
{
  "model": "houses.performanceschedule",
  "pk": 146,
  "fields": {
    "live_house": 11,
    "performance_name": "",
    "performance_date": "2025-07-22",
    "open_time": "18:30:00",
    "start_time": "18:30:00",
    "presale_price": null,
    "door_price": null,
    "performers": []
  }
},
{
  "model": "houses.performanceschedule",
  "pk": 147,
  "fields": {
    "live_house": 11,
    "performance_name": "",
    "performance_date": "2025-07-23",
    "open_time": "18:30:00",
    "start_time": "18:30:00",
    "presale_price": null,
    "door_price": null,
    "performers": []
  }
},
{
  "model": "houses.performanceschedule",
  "pk": 148,
  "fields": {
    "live_house": 11,
    "performance_name": "",
    "performance_date": "2025-07-24",
    "open_time": "18:30:00",
    "start_time": "18:30:00",
    "presale_price": null,
    "door_price": null,
    "performers": []
  }
},
{
  "model": "houses.performanceschedule",
  "pk": 149,
  "fields": {
    "live_house": 12,
    "performance_name": "",
    "performance_date": "2025-03-16",
    "open_time": "18:30:00",
    "start_time": "19:00:00",
    "presale_price": null,
    "door_price": null,
    "performers": []
  }
},
{
  "model": "houses.performanceschedule",
  "pk": 150,
  "fields": {
    "live_house": 12,
    "performance_name": "",
    "performance_date": "2025-05-05",
    "open_time": "18:30:00",
    "start_time": "10:00:00",
    "presale_price": null,
    "door_price": null,
    "performers": []
  }
},
{
  "model": "houses.performanceschedule",
  "pk": 151,
  "fields": {
    "live_house": 12,
    "performance_name": "",
    "performance_date": "2025-05-06",
    "open_time": "18:30:00",
    "start_time": "10:00:00",
    "presale_price": null,
    "door_price": null,
    "performers": []
  }
},
{
  "model": "houses.performanceschedule",
  "pk": 152,
  "fields": {
    "live_house": 12,
    "performance_name": "",
    "performance_date": "2025-05-10",
    "open_time": "18:30:00",
    "start_time": "10:00:00",
    "presale_price": null,
    "door_price": null,
    "performers": []
  }
},
{
  "model": "houses.performanceschedule",
  "pk": 153,
  "fields": {
    "live_house": 12,
    "performance_name": "",
    "performance_date": "2025-01-30",
    "open_time": "18:30:00",
    "start_time": "19:00:00",
    "presale_price": null,
    "door_price": null,
    "performers": []
  }
},
{
  "model": "houses.performanceschedule",
  "pk": 154,
  "fields": {
    "live_house": 13,
    "performance_name": "",
    "performance_date": "2025-01-20",
    "open_time": "18:30:00",
    "start_time": "17:45:00",
    "presale_price": null,
    "door_price": null,
    "performers": []
  }
},
{
  "model": "houses.performanceschedule",
  "pk": 155,
  "fields": {
    "live_house": 14,
    "performance_name": "",
    "performance_date": "2025-01-12",
    "open_time": "18:30:00",
    "start_time": "13:15:00",
    "presale_price": null,
    "door_price": null,
    "performers": []
  }
},
{
  "model": "houses.performanceschedule",
  "pk": 156,
  "fields": {
    "live_house": 14,
    "performance_name": "",
    "performance_date": "2025-04-24",
    "open_time": "18:30:00",
    "start_time": "13:15:00",
    "presale_price": null,
    "door_price": null,
    "performers": []
  }
},
{
  "model": "houses.performanceschedule",
  "pk": 157,
  "fields": {
    "live_house": 14,
    "performance_name": "",
    "performance_date": "2025-06-03",
    "open_time": "18:30:00",
    "start_time": "18:00:00",
    "presale_price": null,
    "door_price": null,
    "performers": []
  }
},
{
  "model": "houses.performanceschedule",
  "pk": 158,
  "fields": {
    "live_house": 14,
    "performance_name": "",
    "performance_date": "2025-06-25",
    "open_time": "18:30:00",
    "start_time": "18:00:00",
    "presale_price": null,
    "door_price": null,
    "performers": []
  }
},
{
  "model": "houses.performanceschedule",
  "pk": 159,
  "fields": {
    "live_house": 14,
    "performance_name": "",
    "performance_date": "2025-12-18",
    "open_time": "18:30:00",
    "start_time": "19:00:00",
    "presale_price": null,
    "door_price": null,
    "performers": []
  }
},
{
  "model": "houses.performanceschedule",
  "pk": 160,
  "fields": {
    "live_house": 15,
    "performance_name": "",
    "performance_date": "2025-05-21",
    "open_time": "18:30:00",
    "start_time": "19:00:00",
    "presale_price": null,
    "door_price": null,
    "performers": []
  }
},
{
  "model": "houses.performanceschedule",
  "pk": 161,
  "fields": {
    "live_house": 15,
    "performance_name": "",
    "performance_date": "2025-06-13",
    "open_time": "18:30:00",
    "start_time": "20:00:00",
    "presale_price": null,
    "door_price": null,
    "performers": []
  }
},
{
  "model": "houses.performanceschedule",
  "pk": 222,
  "fields": {
    "live_house": 18,
    "performance_name": "D’FEST vol.17-SPECIAL 2MAN SHOW-",
    "performance_date": "2025-07-01",
    "open_time": "18:30:00",
    "start_time": "19:00:00",
    "presale_price": null,
    "door_price": null,
    "performers": []
  }
},
{
  "model": "houses.performanceschedule",
  "pk": 223,
  "fields": {
    "live_house": 18,
    "performance_name": "徳利セナノオタンジョウビ界隈",
    "performance_date": "2025-07-02",
    "open_time": "18:30:00",
    "start_time": "19:00:00",
    "presale_price": null,
    "door_price": null,
    "performers": []
  }
},
{
  "model": "houses.performanceschedule",
  "pk": 224,
  "fields": {
    "live_house": 18,
    "performance_name": "告白 其の二十八",
    "performance_date": "2025-07-03",
    "open_time": "18:30:00",
    "start_time": "19:00:00",
    "presale_price": null,
    "door_price": null,
    "performers": []
  }
},
{
  "model": "houses.performanceschedule",
  "pk": 225,
  "fields": {
    "live_house": 18,
    "performance_name": "ドン底リベンジャーズ卍",
    "performance_date": "2025-07-04",
    "open_time": "18:30:00",
    "start_time": "19:00:00",
    "presale_price": null,
    "door_price": null,
    "performers": []
  }
},
{
  "model": "houses.performanceschedule",
  "pk": 226,
  "fields": {
    "live_house": 18,
    "performance_name": "CREAM",
    "performance_date": "2025-07-05",
    "open_time": "13:30:00",
    "start_time": "14:00:00",
    "presale_price": null,
    "door_price": null,
    "performers": []
  }
},
{
  "model": "houses.performanceschedule",
  "pk": 227,
  "fields": {
    "live_house": 18,
    "performance_name": "DOPE AND DOPE Vol.7",
    "performance_date": "2025-07-05",
    "open_time": "18:30:00",
    "start_time": "19:00:00",
    "presale_price": null,
    "door_price": null,
    "performers": []
  }
},
{
  "model": "houses.performanceschedule",
  "pk": 228,
  "fields": {
    "live_house": 18,
    "performance_name": "DAIDOL vol.148",
    "performance_date": "2025-07-06",
    "open_time": "13:30:00",
    "start_time": "14:00:00",
    "presale_price": null,
    "door_price": null,
    "performers": []
  }
},
{
  "model": "houses.performanceschedule",
  "pk": 229,
  "fields": {
    "live_house": 18,
    "performance_name": "ナムの日",
    "performance_date": "2025-07-06",
    "open_time": "18:30:00",
    "start_time": "19:00:00",
    "presale_price": null,
    "door_price": null,
    "performers": []
  }
},
{
  "model": "houses.performanceschedule",
  "pk": 230,
  "fields": {
    "live_house": 18,
    "performance_name": "NO DOUBT!! vol.20",
    "performance_date": "2025-07-07",
    "open_time": "18:30:00",
    "start_time": "19:00:00",
    "presale_price": null,
    "door_price": null,
    "performers": []
  }
},
{
  "model": "houses.performanceschedule",
  "pk": 231,
  "fields": {
    "live_house": 18,
    "performance_name": "C-MOON vol.145",
    "performance_date": "2025-07-08",
    "open_time": "18:30:00",
    "start_time": "19:00:00",
    "presale_price": null,
    "door_price": null,
    "performers": []
  }
},
{
  "model": "houses.performanceschedule",
  "pk": 232,
  "fields": {
    "live_house": 18,
    "performance_name": "SILVER CHARIOTS vol.89-The Bad Dad Orchestra Japan Tour-",
    "performance_date": "2025-07-09",
    "open_time": "18:30:00",
    "start_time": "19:00:00",
    "presale_price": null,
    "door_price": null,
    "performers": []
  }
},
{
  "model": "houses.performanceschedule",
  "pk": 233,
  "fields": {
    "live_house": 18,
    "performance_name": "DRUNK KING vol.17",
    "performance_date": "2025-07-10",
    "open_time": "18:30:00",
    "start_time": "19:00:00",
    "presale_price": null,
    "door_price": null,
    "performers": []
  }
},
{
  "model": "houses.performanceschedule",
  "pk": 234,
  "fields": {
    "live_house": 18,
    "performance_name": "BATTLE and ROMANCE vol.4",
    "performance_date": "2025-07-11",
    "open_time": "18:30:00",
    "start_time": "19:00:00",
    "presale_price": null,
    "door_price": null,
    "performers": []
  }
},
{
  "model": "houses.performanceschedule",
  "pk": 235,
  "fields": {
    "live_house": 18,
    "performance_name": "Sunlight Yellow Overdrive",
    "performance_date": "2025-07-12",
    "open_time": "13:30:00",
    "start_time": "14:00:00",
    "presale_price": null,
    "door_price": null,
    "performers": []
  }
},
{
  "model": "houses.performanceschedule",
  "pk": 236,
  "fields": {
    "live_house": 18,
    "performance_name": "The Blackest Desolation Vol.1",
    "performance_date": "2025-07-12",
    "open_time": "18:30:00",
    "start_time": "19:00:00",
    "presale_price": null,
    "door_price": null,
    "performers": []
  }
},
{
  "model": "houses.performanceschedule",
  "pk": 237,
  "fields": {
    "live_house": 18,
    "performance_name": "Bad Company vol.38",
    "performance_date": "2025-07-13",
    "open_time": "13:30:00",
    "start_time": "14:00:00",
    "presale_price": null,
    "door_price": null,
    "performers": []
  }
},
{
  "model": "houses.performanceschedule",
  "pk": 238,
  "fields": {
    "live_house": 18,
    "performance_name": "たけくらべ-1回目-",
    "performance_date": "2025-07-13",
    "open_time": "18:30:00",
    "start_time": "19:00:00",
    "presale_price": null,
    "door_price": null,
    "performers": []
  }
},
{
  "model": "houses.performanceschedule",
  "pk": 239,
  "fields": {
    "live_house": 18,
    "performance_name": "Melodic Bomb vol.13",
    "performance_date": "2025-07-14",
    "open_time": "18:30:00",
    "start_time": "19:00:00",
    "presale_price": null,
    "door_price": null,
    "performers": []
  }
},
{
  "model": "houses.performanceschedule",
  "pk": 240,
  "fields": {
    "live_house": 18,
    "performance_name": "SPICE GIRLS vol.49",
    "performance_date": "2025-07-15",
    "open_time": "18:30:00",
    "start_time": "19:00:00",
    "presale_price": null,
    "door_price": null,
    "performers": []
  }
},
{
  "model": "houses.performanceschedule",
  "pk": 241,
  "fields": {
    "live_house": 18,
    "performance_name": "SHEER HEART ATTACK vol.16",
    "performance_date": "2025-07-16",
    "open_time": "18:30:00",
    "start_time": "19:00:00",
    "presale_price": null,
    "door_price": null,
    "performers": []
  }
},
{
  "model": "houses.performanceschedule",
  "pk": 242,
  "fields": {
    "live_house": 18,
    "performance_name": "「last spell」vol.8",
    "performance_date": "2025-07-17",
    "open_time": "18:30:00",
    "start_time": "19:00:00",
    "presale_price": null,
    "door_price": null,
    "performers": []
  }
},
{
  "model": "houses.performanceschedule",
  "pk": 243,
  "fields": {
    "live_house": 18,
    "performance_name": "ACTIVATE D1VA",
    "performance_date": "2025-07-18",
    "open_time": "18:30:00",
    "start_time": "19:00:00",
    "presale_price": null,
    "door_price": null,
    "performers": []
  }
},
{
  "model": "houses.performanceschedule",
  "pk": 244,
  "fields": {
    "live_house": 18,
    "performance_name": "DAIDOL vol.149",
    "performance_date": "2025-07-19",
    "open_time": "13:30:00",
    "start_time": "14:00:00",
    "presale_price": null,
    "door_price": null,
    "performers": []
  }
},
{
  "model": "houses.performanceschedule",
  "pk": 245,
  "fields": {
    "live_house": 18,
    "performance_name": "LINER LINER",
    "performance_date": "2025-07-19",
    "open_time": "18:30:00",
    "start_time": "19:00:00",
    "presale_price": null,
    "door_price": null,
    "performers": []
  }
},
{
  "model": "houses.performanceschedule",
  "pk": 246,
  "fields": {
    "live_house": 18,
    "performance_name": "青柳生前葬",
    "performance_date": "2025-07-20",
    "open_time": "13:30:00",
    "start_time": "14:00:00",
    "presale_price": null,
    "door_price": null,
    "performers": []
  }
},
{
  "model": "houses.performanceschedule",
  "pk": 247,
  "fields": {
    "live_house": 18,
    "performance_name": "GAG JAPAN TOUR 2025",
    "performance_date": "2025-07-20",
    "open_time": "18:30:00",
    "start_time": "19:00:00",
    "presale_price": null,
    "door_price": null,
    "performers": []
  }
},
{
  "model": "houses.performanceschedule",
  "pk": 248,
  "fields": {
    "live_house": 18,
    "performance_name": "DAIDOL vol.150",
    "performance_date": "2025-07-21",
    "open_time": "13:30:00",
    "start_time": "14:00:00",
    "presale_price": null,
    "door_price": null,
    "performers": []
  }
},
{
  "model": "houses.performanceschedule",
  "pk": 249,
  "fields": {
    "live_house": 18,
    "performance_name": "SUMISONIC 2025",
    "performance_date": "2025-07-21",
    "open_time": "18:30:00",
    "start_time": "19:00:00",
    "presale_price": null,
    "door_price": null,
    "performers": []
  }
},
{
  "model": "houses.performanceschedule",
  "pk": 250,
  "fields": {
    "live_house": 18,
    "performance_name": "Highway Star vol.11-Andrea Brunini Japan Tour 2025-",
    "performance_date": "2025-07-22",
    "open_time": "18:30:00",
    "start_time": "19:00:00",
    "presale_price": null,
    "door_price": null,
    "performers": []
  }
},
{
  "model": "houses.performanceschedule",
  "pk": 251,
  "fields": {
    "live_house": 18,
    "performance_name": "CRAZY DIAMOND vol.92-ErrorBrain Japan Tour 2025-",
    "performance_date": "2025-07-23",
    "open_time": "18:30:00",
    "start_time": "19:00:00",
    "presale_price": null,
    "door_price": null,
    "performers": []
  }
},
{
  "model": "houses.performanceschedule",
  "pk": 252,
  "fields": {
    "live_house": 3,
    "performance_name": "",
    "performance_date": "2025-07-05",
    "open_time": "18:00:00",
    "start_time": "18:30:00",
    "presale_price": null,
    "door_price": null,
    "performers": [
      390,
      391,
      389
    ]
  }
},
{
  "model": "houses.performanceschedule",
  "pk": 253,
  "fields": {
    "live_house": 3,
    "performance_name": "",
    "performance_date": "2025-07-06",
    "open_time": "18:00:00",
    "start_time": "18:30:00",
    "presale_price": null,
    "door_price": null,
    "performers": [
      392
    ]
  }
},
{
  "model": "houses.performanceschedule",
  "pk": 254,
  "fields": {
    "live_house": 3,
    "performance_name": "",
    "performance_date": "2025-07-07",
    "open_time": "18:00:00",
    "start_time": "18:30:00",
    "presale_price": null,
    "door_price": null,
    "performers": [
      393
    ]
  }
},
{
  "model": "houses.performanceschedule",
  "pk": 255,
  "fields": {
    "live_house": 3,
    "performance_name": "",
    "performance_date": "2025-07-08",
    "open_time": "18:00:00",
    "start_time": "18:30:00",
    "presale_price": null,
    "door_price": null,
    "performers": [
      395,
      394,
      396
    ]
  }
},
{
  "model": "houses.performanceschedule",
  "pk": 256,
  "fields": {
    "live_house": 3,
    "performance_name": "",
    "performance_date": "2025-07-09",
    "open_time": "18:00:00",
    "start_time": "18:30:00",
    "presale_price": null,
    "door_price": null,
    "performers": [
      398,
      397,
      399
    ]
  }
},
{
  "model": "houses.performanceschedule",
  "pk": 257,
  "fields": {
    "live_house": 3,
    "performance_name": "",
    "performance_date": "2025-07-10",
    "open_time": "18:00:00",
    "start_time": "18:30:00",
    "presale_price": null,
    "door_price": null,
    "performers": [
      400,
      401
    ]
  }
},
{
  "model": "houses.performanceschedule",
  "pk": 258,
  "fields": {
    "live_house": 3,
    "performance_name": "",
    "performance_date": "2025-07-11",
    "open_time": "18:00:00",
    "start_time": "18:30:00",
    "presale_price": null,
    "door_price": null,
    "performers": [
      402
    ]
  }
},
{
  "model": "houses.performanceschedule",
  "pk": 259,
  "fields": {
    "live_house": 3,
    "performance_name": "",
    "performance_date": "2025-07-12",
    "open_time": "18:00:00",
    "start_time": "18:30:00",
    "presale_price": null,
    "door_price": null,
    "performers": [
      403,
      404
    ]
  }
},
{
  "model": "houses.performanceschedule",
  "pk": 260,
  "fields": {
    "live_house": 3,
    "performance_name": "",
    "performance_date": "2025-07-13",
    "open_time": "18:00:00",
    "start_time": "18:30:00",
    "presale_price": null,
    "door_price": null,
    "performers": [
      405,
      406
    ]
  }
},
{
  "model": "houses.performanceschedule",
  "pk": 261,
  "fields": {
    "live_house": 3,
    "performance_name": "",
    "performance_date": "2025-07-14",
    "open_time": "18:00:00",
    "start_time": "18:30:00",
    "presale_price": null,
    "door_price": null,
    "performers": [
      407,
      408
    ]
  }
},
{
  "model": "houses.performanceschedule",
  "pk": 262,
  "fields": {
    "live_house": 3,
    "performance_name": "",
    "performance_date": "2025-07-15",
    "open_time": "18:00:00",
    "start_time": "18:30:00",
    "presale_price": null,
    "door_price": null,
    "performers": [
      409,
      410
    ]
  }
},
{
  "model": "houses.performanceschedule",
  "pk": 263,
  "fields": {
    "live_house": 3,
    "performance_name": "",
    "performance_date": "2025-07-16",
    "open_time": "18:00:00",
    "start_time": "18:30:00",
    "presale_price": null,
    "door_price": null,
    "performers": [
      411,
      412,
      413
    ]
  }
},
{
  "model": "performers.performer",
  "pk": 389,
  "fields": {
    "created_datetime": "2025-07-05T13:19:19.376Z",
    "updated_datetime": "2025-07-05T13:19:19.376Z",
    "name": "“ANOTHER WORLD”",
    "name_kana": "“ANOTHER WORLD”",
    "name_romaji": "“ANOTHER WORLD”",
    "phone_number": "",
    "email": null,
    "website": null
  }
},
{
  "model": "performers.performer",
  "pk": 390,
  "fields": {
    "created_datetime": "2025-07-05T13:19:20.250Z",
    "updated_datetime": "2025-07-05T13:19:20.250Z",
    "name": "THE POGO",
    "name_kana": "THE POGO",
    "name_romaji": "THE POGO",
    "phone_number": "",
    "email": null,
    "website": null
  }
},
{
  "model": "performers.performer",
  "pk": 391,
  "fields": {
    "created_datetime": "2025-07-05T13:19:21.117Z",
    "updated_datetime": "2025-07-05T13:19:21.117Z",
    "name": "tact “close to home” “Unfading”",
    "name_kana": "tact “close to home” “Unfading”",
    "name_romaji": "tact “close to home” “Unfading”",
    "phone_number": "",
    "email": null,
    "website": null
  }
},
{
  "model": "performers.performer",
  "pk": 392,
  "fields": {
    "created_datetime": "2025-07-05T13:19:22.014Z",
    "updated_datetime": "2025-07-05T13:19:22.014Z",
    "name": "TENGA生誕20年前夜 “愛と自由と下北沢”",
    "name_kana": "TENGA生誕20年前夜 “愛と自由と下北沢”",
    "name_romaji": "TENGA生誕20年前夜 “愛と自由と下北沢”",
    "phone_number": "",
    "email": null,
    "website": null
  }
},
{
  "model": "performers.performer",
  "pk": 393,
  "fields": {
    "created_datetime": "2025-07-05T13:19:22.867Z",
    "updated_datetime": "2025-07-05T13:19:22.867Z",
    "name": "「Seventh Sense- 下北沢SHELTER 編 -」",
    "name_kana": "「Seventh Sense- 下北沢SHELTER 編 -」",
    "name_romaji": "「Seventh Sense- 下北沢SHELTER 編 -」",
    "phone_number": "",
    "email": null,
    "website": null
  }
},
{
  "model": "performers.performer",
  "pk": 394,
  "fields": {
    "created_datetime": "2025-07-05T13:19:23.904Z",
    "updated_datetime": "2025-07-05T13:19:23.904Z",
    "name": "Rega",
    "name_kana": "Rega",
    "name_romaji": "Rega",
    "phone_number": "",
    "email": null,
    "website": null
  }
},
{
  "model": "performers.performer",
  "pk": 395,
  "fields": {
    "created_datetime": "2025-07-05T13:19:25.976Z",
    "updated_datetime": "2025-07-05T13:19:25.976Z",
    "name": "QOOPIE pre. 『TWO MAN』",
    "name_kana": "QOOPIE pre. 『TWO MAN』",
    "name_romaji": "QOOPIE pre. 『TWO MAN』",
    "phone_number": "",
    "email": null,
    "website": null
  }
},
{
  "model": "performers.performer",
  "pk": 396,
  "fields": {
    "created_datetime": "2025-07-05T13:19:26.849Z",
    "updated_datetime": "2025-07-05T13:19:26.849Z",
    "name": "RegaQOOPIE",
    "name_kana": "RegaQOOPIE",
    "name_romaji": "RegaQOOPIE",
    "phone_number": "",
    "email": null,
    "website": null
  }
},
{
  "model": "performers.performer",
  "pk": 397,
  "fields": {
    "created_datetime": "2025-07-05T13:19:27.707Z",
    "updated_datetime": "2025-07-05T13:19:27.707Z",
    "name": "SHELTER",
    "name_kana": "SHELTER",
    "name_romaji": "SHELTER",
    "phone_number": "",
    "email": null,
    "website": null
  }
},
{
  "model": "performers.performer",
  "pk": 398,
  "fields": {
    "created_datetime": "2025-07-05T13:19:28.622Z",
    "updated_datetime": "2025-07-05T13:19:28.622Z",
    "name": "ROCKATERIA . ” SHELROCKA “",
    "name_kana": "ROCKATERIA . ” SHELROCKA “",
    "name_romaji": "ROCKATERIA . ” SHELROCKA “",
    "phone_number": "",
    "email": null,
    "website": null
  }
},
{
  "model": "performers.performer",
  "pk": 399,
  "fields": {
    "created_datetime": "2025-07-05T13:19:29.444Z",
    "updated_datetime": "2025-07-05T13:19:29.444Z",
    "name": "aureliaロッカANOMIE...",
    "name_kana": "aureliaロッカANOMIE...",
    "name_romaji": "aureliaロッカANOMIE...",
    "phone_number": "",
    "email": null,
    "website": null
  }
},
{
  "model": "performers.performer",
  "pk": 400,
  "fields": {
    "created_datetime": "2025-07-05T13:19:30.338Z",
    "updated_datetime": "2025-07-05T13:19:30.339Z",
    "name": "Hello Hello 『Asterism』 supported by ENDSCAPEHello Hello 『Asterism』 supported by ENDSCAPE",
    "name_kana": "Hello Hello 『Asterism』 supported by ENDSCAPEHello Hello 『Asterism』 supported by ENDSCAPE",
    "name_romaji": "Hello Hello 『Asterism』 supported by ENDSCAPEHello Hello 『Asterism』 supported by ENDSCAPE",
    "phone_number": "",
    "email": null,
    "website": null
  }
},
{
  "model": "performers.performer",
  "pk": 401,
  "fields": {
    "created_datetime": "2025-07-05T13:19:32.214Z",
    "updated_datetime": "2025-07-05T13:19:32.214Z",
    "name": "Hello HelloHwylライティライト",
    "name_kana": "Hello HelloHwylライティライト",
    "name_romaji": "Hello HelloHwylライティライト",
    "phone_number": "",
    "email": null,
    "website": null
  }
},
{
  "model": "performers.performer",
  "pk": 402,
  "fields": {
    "created_datetime": "2025-07-05T13:19:33.494Z",
    "updated_datetime": "2025-07-05T13:19:33.494Z",
    "name": "Oaiko pre.「みちしるべ」",
    "name_kana": "Oaiko pre.「みちしるべ」",
    "name_romaji": "Oaiko pre.「みちしるべ」",
    "phone_number": "",
    "email": null,
    "website": null
  }
},
{
  "model": "performers.performer",
  "pk": 403,
  "fields": {
    "created_datetime": "2025-07-05T13:19:34.375Z",
    "updated_datetime": "2025-07-05T13:19:34.375Z",
    "name": "NOIMAGE pre. ギャグにしてしまおうぜ",
    "name_kana": "NOIMAGE pre. ギャグにしてしまおうぜ",
    "name_romaji": "NOIMAGE pre. ギャグにしてしまおうぜ",
    "phone_number": "",
    "email": null,
    "website": null
  }
},
{
  "model": "performers.performer",
  "pk": 404,
  "fields": {
    "created_datetime": "2025-07-05T13:19:35.239Z",
    "updated_datetime": "2025-07-05T13:19:35.239Z",
    "name": "NOIMAGE南無阿部陀仏からあげ弁当",
    "name_kana": "NOIMAGE南無阿部陀仏からあげ弁当",
    "name_romaji": "NOIMAGE南無阿部陀仏からあげ弁当",
    "phone_number": "",
    "email": null,
    "website": null
  }
},
{
  "model": "performers.performer",
  "pk": 405,
  "fields": {
    "created_datetime": "2025-07-05T13:19:36.152Z",
    "updated_datetime": "2025-07-05T13:19:36.152Z",
    "name": "“UlulU Live ”",
    "name_kana": "“UlulU Live ”",
    "name_romaji": "“UlulU Live ”",
    "phone_number": "",
    "email": null,
    "website": null
  }
},
{
  "model": "performers.performer",
  "pk": 406,
  "fields": {
    "created_datetime": "2025-07-05T13:19:37.085Z",
    "updated_datetime": "2025-07-05T13:19:37.085Z",
    "name": "ちゃんゆ胃 東愛阪ツアー2025 「胃住計画」",
    "name_kana": "ちゃんゆ胃 東愛阪ツアー2025 「胃住計画」",
    "name_romaji": "ちゃんゆ胃 東愛阪ツアー2025 「胃住計画」",
    "phone_number": "",
    "email": null,
    "website": null
  }
},
{
  "model": "performers.performer",
  "pk": 407,
  "fields": {
    "created_datetime": "2025-07-05T13:19:38.726Z",
    "updated_datetime": "2025-07-05T13:19:38.726Z",
    "name": "『POP BEAT JEWELRY BOX』",
    "name_kana": "『POP BEAT JEWELRY BOX』",
    "name_romaji": "『POP BEAT JEWELRY BOX』",
    "phone_number": "",
    "email": null,
    "website": null
  }
},
{
  "model": "performers.performer",
  "pk": 408,
  "fields": {
    "created_datetime": "2025-07-05T13:19:40.262Z",
    "updated_datetime": "2025-07-05T13:19:40.262Z",
    "name": "ヨルノピクニックstay crows香野子...",
    "name_kana": "ヨルノピクニックstay crows香野子...",
    "name_romaji": "ヨルノピクニックstay crows香野子...",
    "phone_number": "",
    "email": null,
    "website": null
  }
},
{
  "model": "performers.performer",
  "pk": 409,
  "fields": {
    "created_datetime": "2025-07-05T13:19:41.036Z",
    "updated_datetime": "2025-07-05T13:19:41.036Z",
    "name": "Aurora supported by 脱却",
    "name_kana": "Aurora supported by 脱却",
    "name_romaji": "Aurora supported by 脱却",
    "phone_number": "",
    "email": null,
    "website": null
  }
},
{
  "model": "performers.performer",
  "pk": 410,
  "fields": {
    "created_datetime": "2025-07-05T13:19:41.740Z",
    "updated_datetime": "2025-07-05T13:19:41.740Z",
    "name": "月刊PAMFinallymay in film...",
    "name_kana": "月刊PAMFinallymay in film...",
    "name_romaji": "月刊PAMFinallymay in film...",
    "phone_number": "",
    "email": null,
    "website": null
  }
},
{
  "model": "performers.performer",
  "pk": 411,
  "fields": {
    "created_datetime": "2025-07-05T13:19:42.298Z",
    "updated_datetime": "2025-07-05T13:19:42.298Z",
    "name": "SHELTER . AFTER HOURS",
    "name_kana": "SHELTER . AFTER HOURS",
    "name_romaji": "SHELTER . AFTER HOURS",
    "phone_number": "",
    "email": null,
    "website": null
  }
},
{
  "model": "performers.performer",
  "pk": 412,
  "fields": {
    "created_datetime": "2025-07-05T13:19:42.907Z",
    "updated_datetime": "2025-07-05T13:19:42.907Z",
    "name": "Trooper SaluteTHE DO DO DO’steiichi",
    "name_kana": "Trooper SaluteTHE DO DO DO’steiichi",
    "name_romaji": "Trooper SaluteTHE DO DO DO’steiichi",
    "phone_number": "",
    "email": null,
    "website": null
  }
},
{
  "model": "performers.performer",
  "pk": 413,
  "fields": {
    "created_datetime": "2025-07-05T13:19:43.465Z",
    "updated_datetime": "2025-07-05T13:19:43.465Z",
    "name": "VIEW MORE",
    "name_kana": "VIEW MORE",
    "name_romaji": "VIEW MORE",
    "phone_number": "",
    "email": null,
    "website": null
  }
}
]
